{"cameraMode":{"drawMode":0,"name":"Shaded","section":"Shading Mode"},"sceneLighting":false,"audioPlay":false,"sceneViewState":{"m_AlwaysRefresh":false,"showFog":true,"showSkybox":false,"showFlares":true,"showImageEffects":true,"showParticleSystems":true,"showVisualEffectGraphs":true,"m_FxEnabled":false},"in2DMode":false,"pivot":{"x":0.03359866142272949,"y":0.05702069401741028,"z":0.04018786549568176},"rotation":{"x":0.10657134652137757,"y":-0.3392145037651062,"z":0.03292161971330643,"w":0.9344645142555237},"size":1.6084927320480347,"orthographic":false}