{"cameraMode":{"drawMode":0,"name":"Shaded","section":"Shading Mode"},"sceneLighting":false,"audioPlay":false,"sceneViewState":{"m_AlwaysRefresh":false,"showFog":true,"showSkybox":true,"showFlares":true,"showImageEffects":true,"showParticleSystems":true,"showVisualEffectGraphs":true,"m_FxEnabled":false},"in2DMode":false,"pivot":{"x":-17.005964279174806,"y":2.4096627235412599,"z":-2.374204635620117},"rotation":{"x":0.21139459311962129,"y":-0.013167320750653744,"z":0.0027373451739549639,"w":0.9774013161659241},"size":0.8660253882408142,"orthographic":false}