{"cameraMode":{"drawMode":0,"name":"Shaded","section":"Shading Mode"},"sceneLighting":false,"audioPlay":false,"sceneViewState":{"m_AlwaysRefresh":false,"showFog":true,"showSkybox":true,"showFlares":true,"showImageEffects":true,"showParticleSystems":true,"showVisualEffectGraphs":true,"m_FxEnabled":false},"in2DMode":false,"pivot":{"x":6.079819202423096,"y":3.2439234256744386,"z":1.0415332317352296},"rotation":{"x":-0.061623141169548038,"y":0.8878552317619324,"z":-0.12467008084058762,"w":-0.43895426392555239},"size":2.1121275424957277,"orthographic":false}