{"cameraMode":{"drawMode":0,"name":"Shaded","section":"Shading Mode"},"sceneLighting":true,"audioPlay":false,"sceneViewState":{"m_AlwaysRefresh":false,"showFog":true,"showSkybox":false,"showFlares":true,"showImageEffects":true,"showParticleSystems":true,"showVisualEffectGraphs":true,"m_FxEnabled":true},"in2DMode":false,"pivot":{"x":0.029999732971191407,"y":0.24806690216064454,"z":-6.5522260665893559},"rotation":{"x":0.18236951529979707,"y":-0.5287529230117798,"z":-0.11751299351453781,"w":-0.8205811381340027},"size":39.645938873291019,"orthographic":false}