{"cameraMode":{"drawMode":0,"name":"Shaded","section":"Shading Mode"},"sceneLighting":true,"audioPlay":false,"sceneViewState":{"m_AlwaysRefresh":false,"showFog":true,"showSkybox":false,"showFlares":true,"showImageEffects":true,"showParticleSystems":true,"showVisualEffectGraphs":true,"m_FxEnabled":false},"in2DMode":false,"pivot":{"x":0.6474383473396301,"y":0.43717920780181887,"z":0.7710440158843994},"rotation":{"x":0.03944176435470581,"y":0.005891632754355669,"z":0.0010332638630643488,"w":0.9992145299911499},"size":0.9188603758811951,"orthographic":false}